accuracy,precision,recall,f1,runtime_seconds
0.8833333333333333,0.8631578947368421,0.9111111111111111,0.8864864864864865,166.05191135406494
