accuracy,precision,recall,f1,runtime_seconds
0.8777777777777778,0.8695652173913043,0.8888888888888888,0.8791208791208791,169.02876710891724
