trial,learning_rate,batch_size,f1
0,4.969782981573154e-05,8,0.8715087993935422
