trial,learning_rate,batch_size,f1
1,4.1820044304817006e-05,8,0.8771107802594216
