accuracy,precision,recall,f1,runtime_seconds
0.8833333333333333,0.859375,0.9166666666666666,0.8870967741935484,169.29878759384155
