trial,C,kernel,gamma,f1
12,1.0728927164663,linear,-,0.8148569732099666
