accuracy,precision,recall,f1,runtime_seconds
0.9083333333333333,0.9016393442622951,0.9166666666666666,0.9090909090909091,76.95721793174744
