accuracy,precision,recall,f1,runtime_seconds
0.8694444444444445,0.8481675392670157,0.9,0.8733153638814016,274.6796061992645
