accuracy,precision,recall,f1,runtime_seconds
0.8388888888888889,0.8279569892473119,0.8555555555555555,0.8415300546448088,4.088700771331787
