trial,learning_rate,batch_size,f1
2,4.6812760476533354e-05,8,0.8790104229750094
