trial,learning_rate,batch_size,f1
5,3.003179800231941e-05,8,0.8751118688523368
